<?xml version="1.0" encoding="UTF-8"?>

<beans:beans xmlns="http://www.springframework.org/schema/security"
   xmlns:beans="http://www.springframework.org/schema/beans"
   xmlns:xsi="http://www.w3.org/2001/XMLSchema-instance"
   xsi:schemaLocation="http://www.springframework.org/schema/beans
           http://www.springframework.org/schema/beans/spring-beans-3.2.xsd
           http://www.springframework.org/schema/security
           http://www.springframework.org/schema/security/spring-security.xsd">
   <http auto-config="true">
       <intercept-url pattern="/admin/**" access="ROLE_ADMINISTRADOR" />
       <intercept-url pattern="/cliente/**" access="ROLE_CLIENTE" />
       
       
       <form-login login-page="/publico/login.xhtml"
           always-use-default-target="true"
           authentication-success-handler-ref="successHandler"
           authentication-failure-url="/publico/login.xhtml?login_error=1" />
       <logout logout-success-url="/publico/index.xhtml" />
       <remember-me/>
   </http>
   <beans:bean id="successHandler" class="negocio.RedirecionaPaginaPadrao"></beans:bean>
   <authentication-manager>
       <authentication-provider>
          <jdbc-user-service data-source-ref="LojaServicoDBDataSource"
              authorities-by-username-query="SELECT pes_nome, pes_tipo
                                                                   FROM pessoa
                                                                   WHERE pes_email = ?"
              users-by-username-query="SELECT pes_email, pes_senha,'1' FROM pessoa WHERE pes_email = ?" />                                     
       </authentication-provider>
   </authentication-manager>	
</beans:beans>		

