<?xml version="1.0" encoding="UTF-8"?>
<!DOCTYPE hibernate-configuration PUBLIC
        "-//Hibernate/hibernate Configuration DTD 3.0//EN"
        "http://www.hibernate.org/dtd/hibernate-configuration-3.0.dtd">

	<hibernate-configuration>
    <session-factory>
        
        <!-- Configuração da conexão com o banco PostgreSQL e dialeto -->
        <property name="hibernate.dialect">org.hibernate.dialect.PostgreSQLDialect</property>
		<property
			name="connection.datasource">java:/comp/env/jdbc/LojaServicoDB
		</property>
        
        
        <!-- Usando as configurações do C3PO para pool de conexões --> 	
        <property name="c3po.min.size">5</property>
        <property name="c3po.max.size">20</property>
        <property name="c3po.timeout">300</property>
        <property name="c3po.max_statements">50</property>
        <property name="c3po.idle_test_period">3000</property>
        
        
        <!-- Configurações do debug -->
        <property name="show_sql">true</property>
        <property name="format_sql">true</property>
        <property name="generate_statistics">true</property>
        <property name="use_sql_comments">true</property>
          
        <!-- Mapeamento das classes -->
        <mapping class="beans.Produto"/>
        <mapping class="beans.Pessoa"/>
        <mapping class="beans.Servico"/>
        <mapping class="beans.Fone"/>
        <mapping class="beans.FormaPgto"/>
        <mapping class="beans.Itens_Pedido" />  
		<mapping class="beans.Pedido" />
    	</session-factory>

</hibernate-configuration>